"Run","Email","Password","final Password"
"No","user_kqq0vi27_mqgvk2jd@test.com","STORED_IN_ENV","STORED_IN_ENV"
"No","user_pi7d5wu5_mqgvs1nu@test.com","STORED_IN_ENV","STORED_IN_ENV"
"No","user_bsrbgeym_mqhl456j@test.com","STORED_IN_ENV","STORED_IN_ENV"
"No","user_8rqzi14f_mqhl91mf@test.com","STORED_IN_ENV","STORED_IN_ENV"
"No","user_wgzdlcuo_mqhlib7b@test.com","STORED_IN_ENV","STORED_IN_ENV"
"No","user_bl26grrr_mqhm0o8p@test.com","STORED_IN_ENV","STORED_IN_ENV"
"No","user_romfty1f_mqhm6uvq@test.com","STORED_IN_ENV","STORED_IN_ENV"
"No","user_z3bc3y7b_mqhmru9w@test.com","STORED_IN_ENV","STORED_IN_ENV"
"No","user_yyi12qry_mqhmwz93@test.com","STORED_IN_ENV","STORED_IN_ENV"
"No","user_xqpgnrbx_mqhnc1fv@test.com","STORED_IN_ENV","STORED_IN_ENV"
"No","user_4p42yubg_mqhno0uj@test.com","STORED_IN_ENV","STORED_IN_ENV"
"No","user_r7pzhmcz_mqhxmth7@test.com","STORED_IN_ENV","STORED_IN_ENV"
"No","user_5qkrymvj_mqqfpwh1@test.com","STORED_IN_ENV","STORED_IN_ENV"
"No","user_jvsp6cjw_mqrnfch5@test.com","STORED_IN_ENV","STORED_IN_ENV"
"No","user_1bihz97c_mqrxulnx@test.com","STORED_IN_ENV","STORED_IN_ENV"
"No","user_jt507h1g_mqt15fh9@test.com","STORED_IN_ENV","STORED_IN_ENV"
"yes","user_r35g07yd_mqt1e7xt@test.com","STORED_IN_ENV","STORED_IN_ENV"
"yes","user_0n0johlg_mqussz08@test.com","STORED_IN_ENV","STORED_IN_ENV"
"yes","user_5krnplrl_mqut82w0@test.com","STORED_IN_ENV","STORED_IN_ENV"
"yes","user_k88v6dr0_mqutbx7u@test.com","STORED_IN_ENV","STORED_IN_ENV"
"yes","user_oei670x7_mqutddke@test.com","STORED_IN_ENV","STORED_IN_ENV"
